membership:sample_set_id	sample
ALL	9a1e8eb9-a49f-4a20-8709-10ba510c4c93
ALL	24814eed-fddb-475a-822e-efff92202954
ALL	83dc8f6a-55a6-438b-8a46-69b8951d9785
ALL	ce672a2c-93cf-418a-bcdd-670ce7cc6738
ALL	b90fb5d2-391f-4551-847f-534db74e8f76
ALL	c1d82680-c82f-4549-9d34-9760625446ff
ALL	9aaca08a-3e46-4058-b95c-b41900d1887a
ALL	18c3a1de-b145-437f-a4ee-16fc58f83a61
ALL	1ca70c1e-a4b9-41aa-aaa8-f55296aae041
ALL	4e570d94-c74a-4cd9-9b75-b8dda6bdf218
ALL	156c5efb-f9da-4058-9067-9b148e71d9d5
ALL	086554a9-2172-43a7-9f52-aab7d0888429
ALL	233c6672-a850-48e0-99fd-024cf1a76b4c
ALL	c4ad7a4b-6603-4308-ace2-e633cdd21ddc
ALL	40197cef-b432-4c11-8814-ee8d10faee33
ALL	7f0e982f-761d-4464-9e22-0c0af39c86cb
ALL	7f2ccf91-1cfa-436c-bcf4-094733f95439
ALL	694ca445-7bac-4216-acf5-e227650ae973
ALL	46e318f7-a379-4aab-a3a3-c4543b27a68c
ALL	25ab6851-64fa-40bb-ab3c-f46afb53eaee
ALL	3e28bf01-c582-4e6d-88d9-3aed7e1cc6a7
ALL	36c3afaf-eca6-4c19-983e-e1fca6195905
ALL	09df1266-49fa-4c11-9c18-7b1daff59361
ALL	f2b36ca3-8d5d-453d-b445-82faa22a8a35
ALL	410da6d7-d303-4fc2-bccc-ac49e587f1a3
ALL	52191e1f-fce1-4b45-9a1c-d5270b65bd8d
ALL	dce44e3e-0bed-43e1-b89f-cb47b1ba056e
ALL	d6bd5d0a-d764-4be0-98fd-f02314c8c5d1
ALL	6662dcc4-7682-4783-a140-d144619044c9
ALL	b04059a2-77ef-4242-8da5-4e7b594a4e0f
ALL	c0f8029f-08cc-48b9-b68d-0e393789a9c1
ALL	11b1dca7-6fce-41c0-9580-a28ccf83e55c
ALL	636b28ed-e90d-4643-906b-473b6b1212dc
ALL	1ffd94e6-eb90-4826-b391-20d7c63bbbcb
ALL	83842f6e-5df5-4172-9e58-99f00e74cbbe
ALL	dfc09464-ed8c-479b-9b73-c7760a5ed6bd
ALL	36701941-06ee-4ecf-bdcc-8646c214e507
ALL	94218873-abee-416a-a336-bc52911470e8
ALL	d5517913-18f1-48db-9b80-87c8f469add2
ALL	4c757fe3-d0e6-474a-bed8-3c945ba53427
ALL	09fff3f4-075e-45fd-bf47-c94a9ccf0e3b
ALL	3e998594-1665-43f7-9fec-15c2c6226361
ALL	dd129b10-5c9e-4bff-a891-27026d14a34c
ALL	6463ae73-a885-4d69-9345-7110ddac0c7e
ALL	18714b14-6138-46af-99a1-24acbc326530
ALL	228290f9-19f1-4b00-9765-c89de4882e60
ALL	0b935adb-0e19-4fcc-9bb0-b9d95872bcef
ALL	2888684c-f82d-4578-b31a-db2990af5624
ALL	53e72614-6ee5-4ecf-a93c-77050cf68140
ALL	8f6ca246-0c9c-4dc7-960e-f3a9832f6686
ALL	7e554c48-3c69-4948-9c84-3fff46b9d3e2
ALL	6d36767f-7a06-458f-bd27-e9de81b491a7
ALL	f9a99ee6-0048-46c9-9210-687884f524c4
ALL	a53c5e9d-68f7-4d13-9645-ae4f18b9a2a9
ALL	4eb18580-30af-4c32-bb5b-1a8c87280212
ALL	f780aef6-1c9c-4167-9f55-48885d6e5874
ALL	0050544d-d812-4a18-8370-96d629b487ab
ALL	e7291ead-efa7-4614-baeb-214f4111a6d4
ALL	45b17cb6-94c7-4e9c-a025-76e6dae5abbc
ALL	535c185a-69e3-4e58-9849-af1be418e7e5
ALL	242777f6-a875-4072-9696-8d7f7d718906
ALL	c0dcf11a-51f5-4637-be23-a0781d18561e
ALL	3f52005c-4f85-4651-b027-c455ba143bcc
ALL	1629803e-fd19-41c9-827f-ccc581a06651
ALL	7f9034bb-9028-48d6-a0ee-8012f9165d07
ALL	55c18b31-3591-45c8-8b12-ad29447ca68c
ALL	7606af00-52cc-49e3-9242-6853fda428e2
ALL	18917266-64c2-40e2-958f-2edc428cb3ba
ALL	6f6c9f00-d6e5-452f-ba04-f77b146b780b
ALL	e59c35c8-741b-4323-a08d-772bd9e43d4a
ALL	8f4726e4-4a00-45e9-936b-045950cbce1f
ALL	c395332c-5886-44dd-a7ee-3d61b33a90d8
ALL	df88f375-2025-4ea4-b539-89bb749270d4
ALL	51df6839-a4cd-4322-86fb-b68976d766fa
ALL	2307d604-34ce-413b-9abf-cbcfff0dc8d4
ALL	9fd8f5f4-771f-44cf-a728-c9fe61f4022f
ALL	e64996de-3fc4-400c-b0c0-d09dce2238a5
ALL	6a3a3238-eb9a-43b4-8bc5-11203c0ab827
ALL	8bd36b03-e4fe-496c-ae4d-eb16c91d47ab
ALL	9597f316-8084-47e2-a60f-cff2471fd619
ALL	9ebefdf8-ec2b-4647-b750-5c603fa2d6b0
ALL	101490e4-190b-4f9b-87c7-f2f18d6e3580
ALL	80ad0b84-5c5e-42e6-a581-a97f3bb99ba9
ALL	01e18722-e4e2-42a3-a8c4-3ca7bee2edf5
ALL	2c9bfc03-d4e6-47be-a046-1e2efd086bf0
ALL	34223e9d-5e0a-46ce-a804-17330765d928
ALL	c06ffce6-69a3-45be-8329-b5002aa3f133
ALL	1593b8d4-1fbb-42a1-943f-376bc05af4ea
ALL	a10e1864-1622-4679-a7f9-94f95f9c255c
ALL	a9c64e3e-7358-471b-b431-b8aae83c360d
ALL	96b27cbc-76d5-46c0-a522-456477eeb7c6
ALL	55654f9e-2de3-49ce-9156-6f6d9290de05
ALL	f9ea91ad-1d88-4f7e-af93-619f9cc77d35
ALL	9d90f60e-acb0-43ce-8c74-e4fd5ad5d0ea
ALL	18d33343-cebf-4cf2-84b8-91ac1a1b5862
ALL	daa4e4ff-d483-430a-a218-896bd9237456
ALL	2c46a26a-3454-4966-ac59-af6e0a11d1e9
ALL	ac2cfbde-9d62-49db-9a07-e8166003f10f
ALL	22be4bab-231e-4784-aaa9-45ae158a5153
ALL	0255efbd-9e20-4b51-a18d-0814e138572d
ALL	eab2c452-8263-4351-9150-7b51f84066c3
ALL	2de4b908-16e1-46cb-aeb2-1e84f91bcc52
ALL	1b73f6b6-a8ad-40e7-a3d1-6c621e9a2a6a
ALL	46b491fa-e812-4b1c-b4a9-8bf51df3f17f
ALL	d27e0760-5ce6-4659-adf4-e61967341288
ALL	aaf4a265-677c-4b08-9fc3-02a1e88703f4
ALL	727567fc-0bb2-4fe1-a201-d2ce9abf74c1
ALL	7519d7a8-c3ee-417b-9cfc-111bc5ad0637
ALL	a30b3254-3963-48d1-9710-7c3cac0b1993
ALL	9328d66a-7874-43ea-a8db-e6d6b424ecbf
ALL	717139e7-57ca-43fa-97d0-5f1a9f35331b
ALL	1163c261-5527-4c07-a73c-452be675d69b
ALL	4842d3eb-9980-4d95-80e3-faac7f322802
ALL	5a24db32-051d-488e-ad06-31f202a1e1f1
ALL	8a59dd63-3341-4edf-94f7-cb5a99154532
ALL	975310bf-05d1-4417-8178-3f3f9f0e6998
ALL	d8c6ee52-a119-4299-a1e7-72266e7bbfb2
ALL	5b9911c3-efec-428c-a1a3-5a0834df04da
ALL	8638c01d-7cb8-47a4-804f-12f269db1adf
ALL	e83d40c2-64fd-4007-8d56-d3260ae1e314
ALL	fdac626b-844c-4c88-9d74-f7859db92a29
ALL	158ef2e0-fd7c-41ee-ae4a-809a55b9a9f9
ALL	e08b45aa-a874-4006-a397-b49014b4078c
ALL	7fb7ea59-1f6b-4289-9111-17f11b24d0b4
ALL	b48f69f1-9023-4bab-9e28-e2e871cbbe7d
ALL	c55bc8a8-b47b-4455-8c77-532c0eef98cc
ALL	9dab1969-d52d-4646-b2fc-465c12c48ce9
ALL	4c71efd9-9361-4b6b-82f1-2cc9cefcc1dc
ALL	5cd539b8-90bf-4465-826f-73269ea2e802
ALL	7246d6b4-6a1e-4718-be30-58176937894f
ALL	b0fc513e-fc8b-4fa8-80b0-312a22b92062
ALL	109ac514-fdb0-49dc-8eef-0f279c1ca78f
ALL	68256866-acad-4a56-9fa2-479d0e7c5e0c
ALL	9fbd89d7-d15d-4bcb-8a9f-ac1e087b6587
ALL	faddde4d-acf2-4097-9130-ae4ce0393f7f
ALL	8ad3b90e-4da4-419a-8646-63acfce7521d
ALL	524232fe-29c3-4b67-baf4-d69628a8078a
ALL	5c1b955d-9d60-4975-a1e6-c4d531e79190
ALL	75d8ea2a-c187-4633-9725-3dcf061412ef
ALL	cd887b4d-0b35-4d5d-a24c-4b64330fbe1e
ALL	b50d3c6f-fdec-488b-ab26-a9b690fad34f
ALL	dd3d1953-11f2-47bc-9c89-31d307fa51ea
ALL	455ac62d-7709-4390-b415-63abb5e3a59b
ALL	55a5bc48-ae8b-46f6-8f94-f3d96c2dd2d2
ALL	899991fd-c376-4a7a-83ef-879c143fb5ca
ALL	7babafdc-a693-46e9-92f5-7bf6e667c113
ALL	e4ec1484-4f77-4520-9ff5-bc4dc8a0fb15
ALL	aea04397-89bc-4a73-ab41-34c0ba34faf6
ALL	a27dd46b-a5c5-493c-8254-567919d60faf
ALL	a94ba305-aec8-4c11-af83-8f19a3afad07
ALL	c8ecd8db-e3a3-4d4f-bab4-a2fdd0afab90
ALL	e513ac4f-61b8-4c5a-beb9-8d8f2984e4f5
ALL	a53020de-a4dc-4292-8245-055c1e0b6cb0
ALL	df548cb7-7766-47e9-aafa-d8ec610ab3db
ALL	2f661a00-d80a-401d-be63-36bb079c9594
ALL	9057e981-6a17-4f99-82be-2bac066efe89
ALL	b5b1a263-2b1b-478b-b59b-fe44feb3f4b3
ALL	e842c87e-854d-4f9a-8a8d-4dbe4c06b5d3
ALL	18c6c530-51e7-4e43-a1b9-f152d17c7c47
ALL	125d4c82-ed51-43a6-8c5f-8c9d0571696f
ALL	160ff432-c910-41a8-93e5-dd87cb7de2ee
ALL	08a6a045-6b58-40d2-ae0d-e0aaf7779985
ALL	30365e6a-0968-4687-b1e1-0aea8159e8a5
ALL	2ab4c680-809c-4fb9-8959-73dba6ed2baa
ALL	7079f5c1-4aa2-49c0-8711-42601d07bd63
ALL	6920b9da-05b6-45a1-9872-aa7d2954cf74
ALL	b4bcf90f-bb5c-46c9-85a6-47abf2337ba1
ALL	586f883e-5719-45fc-9fd4-0d4c62136952
ALL	4c7c01d7-c5e0-4c8f-bc84-580cba33f1e5
ALL	fc0f8559-5051-4428-8835-9922ab36bda5
ALL	d164eb9b-7442-4aa4-970b-83a28443bd40
ALL	238adfd5-6fb5-40a6-bcd2-83944a119dd9
ALL	ba1e0d79-387c-46e2-9ee6-d4fbc9bc8540
ALL	38041aeb-60fe-4784-a5d8-fd04b5c0c5f8
ALL	57805457-b9c9-4f50-aef2-885618aaaca8
ALL	da8201a9-562a-461b-be47-e96b90dd7c58
ALL	13ba18eb-c94b-4f6c-ab50-2a98a8044ced
ALL	aafbf0f9-8fcf-43c1-9a59-7cb975915087
ALL	959acc2e-6754-413e-9e8d-a2994bcbbb0b
ALL	89d54b42-f9a1-4648-ba47-f0727b859e3b
ALL	a2db597f-7fac-4d27-af2c-1f31b37520ab
ALL	48a1a40d-462f-47e2-81ad-ed3c80f04552
ALL	f00de7e8-d54d-4f07-85bc-8fa3f1d56b0c
ALL	e17b07be-9e48-4235-8f25-b3a3929ee61b
ALL	00c4d8f0-aeed-4c26-b8db-bb3883dad965
ALL	76ba82be-5259-4879-8133-cba41041bb03
ALL	d47f775c-6c03-4cc0-82f0-1cac8d55b069
ALL	171b0609-f2ac-4b04-aeaf-27ec060d698e
ALL	39a55ee6-ddb3-4a84-9d5e-80224aef960c
ALL	15423d9c-91c3-4fe5-9880-a28840acb75a
ALL	82ae96b4-29c9-45cc-980a-cbef3b74ad05
ALL	153c76f6-6b52-4247-a07e-469670d515d7
ALL	e863bd35-0382-4979-b599-033a06a1f50b
ALL	ca4eac28-22c9-48d8-8139-7cda2cfe4ae2
ALL	36cb6f79-4d32-408b-8bb0-897dac58696c
ALL	acc1800f-a145-4ca5-bb4c-65df60714a9f
ALL	2d970196-beee-4783-90a1-e313a789dd92
ALL	3de5b87e-b12f-446c-aa04-6c20370de727
ALL	7be0587d-fbc8-4a57-97cb-18e4774d031c
ALL	1768bc1a-f389-496a-9e66-402dc28f6b7f
ALL	f2540f5a-5018-4ba3-93f6-12f0ed0da2d8
ALL	6ce66cbc-9dcf-48f6-a70a-ee50523634b0
ALL	a9a34d30-8f2e-460a-9da1-e085268e3787
ALL	e097bf88-b763-46f7-a71b-92b3cbb350ef
ALL	6a6dfbd9-937b-4939-b604-427bca03bbcd
ALL	86e4862c-7405-40b5-b73f-be0c6c52ea6d
ALL	fcfb2ff8-5ec7-455a-8049-4a83484c7532
ALL	cb58cf8e-3d4c-4421-a3f0-f3c1540f12b2
ALL	4e7a1b52-27a3-4860-90d0-c3d79ad7e1c3
ALL	d285efca-3117-49d6-ac12-bc2b47f8a144
ALL	d943bde7-ac5e-4feb-84b9-f52950d132d7
ALL	32720511-9c6b-47bb-981c-5a3c4ed8b85c
ALL	6c7f0d06-2800-47dd-b919-d3702b368de3
ALL	1bde6af0-55a2-453c-ada4-6b90d79a7d65
ALL	7d97661a-3523-45f0-a928-9f0f7e2232e0
ALL	00e66db2-da46-4003-9853-72b482d29999
ALL	a335a2d4-7b58-4baa-93e2-cffdbbdbf09b
ALL	ae052a98-d8a5-431f-9632-df4dc22ac113
ALL	cf93f61c-9dc8-442a-85fc-c3b181616836
ALL	13ebc192-4481-4181-8e03-41ee026376af
ALL	6c8679c4-4e1d-4fbe-84ba-9b4a13991f47
ALL	18223fc1-a5a8-4007-9696-728f8c302a23
ALL	de8225ab-7150-4a1f-a2b2-5cf2ba1137b9
ALL	d6bb2c0a-3cca-4525-8b63-e0ab0e94be6d
ALL	2a8ba7fc-f094-44bd-a544-1e8dd7831324
ALL	009e66cd-fcdf-4a91-a2d8-7b9485ca29e1
ALL	0113c98c-8926-47f7-acb9-51b31412c6f2
ALL	f8e721c1-e58a-4964-9c44-91b3bd42af55
ALL	f03d9b83-a4d7-4e77-abaa-5c3dbee0bcf3
ALL	558b4a05-61bb-469a-80be-4ad2cb3352d8
ALL	38603b24-c476-4fa0-9c60-eb185d91adeb
ALL	b0d932e5-5a64-46b7-b018-d4cb83ef8c36
ALL	45ff8c0e-f7a1-4f97-b8b6-5692937cc5b1
ALL	505d70d4-cbff-4345-90af-f6d09f2cff41
ALL	961279aa-1e8a-48fe-9da1-9cc890e5c019
ALL	b7f4acb3-a84d-45c9-b3bc-e90200bca754
ALL	f146b445-2c3d-4098-b126-3b0d267985ea
ALL	dce7299b-413b-4c75-88fc-36326c230a44
ALL	8407a65c-fb05-4211-b888-48371315e65c
ALL	87daf60b-5b77-4a1e-905c-2b1d3f194bf2
ALL	42d57ceb-76bd-4c17-a853-bb5e64f6b0eb
ALL	7f989eb7-0544-43e3-8e76-ac038de76666
ALL	c2145112-a7ac-45c3-a50d-7a644d44c00f
ALL	1c8bae16-2637-42cc-bde1-c0325631904d
ALL	d513cfde-b38c-4459-8a3d-36b44b80eb72
ALL	20a21a6f-f615-47f7-9935-b330b116d51b
ALL	c2e8ced1-38bd-4e0c-91a9-3fa733bd2572
ALL	cddbc1c0-b10f-4410-8c77-e85696573267
ALL	5d8c8d4b-0416-4121-ac97-717bc2ea8f27
ALL	bb0bf831-bfd2-43f3-a39c-3ace235af98b
ALL	d2baff9a-220a-4f44-bbdb-a02cdfd908c9
ALL	1ca90dce-8efc-420e-be6c-e52fe009e644
ALL	df00a039-e892-4824-a308-1b5230d383ba
ALL	4356cd4c-7b05-472a-867e-9c39df586602
ALL	75215256-0112-4c6b-a58d-0d82338f2dd9
ALL	e8afd8f2-85c1-41e5-9956-6735d328c561
ALL	1c86e0f6-a019-47a5-8325-bbb82f76488c
ALL	8c64ec6b-5c6c-4a9b-914e-fb604f873ecb
ALL	9433d0ec-47c9-48df-b7d0-1f57acb09c38
ALL	53257ae5-6981-4cd4-bbc2-d2e51ecf04e5
ALL	f072dc5f-6b9a-4935-8ceb-f9f3fd7ebe73
ALL	d7bbc19b-5690-47fc-94ef-25dbade69a47
ALL	0d8690fd-fdc0-4a88-b59e-e7c407966d94
ALL	658692db-d9f5-4bee-b464-0a6b224bf66c
ALL	8ba6225f-c256-4051-a49c-c8d0201279b3
ALL	af29b5c1-b608-4dea-a84d-55ff450eeda1
ALL	61b2f521-b9bc-439c-95b0-01ecf854c9bc
ALL	af83dc91-129d-4486-b727-100666405b01
ALL	ca22f102-fdce-4082-9c9e-5fc6bd23cafe
ALL	5ab6f1f6-932b-4577-ab08-e3fa36ef5d1e
ALL	e44de28c-bce0-471d-bd4c-bea710f7c3cc
ALL	3db92958-403a-48eb-a006-3cc6f7e9bcbd
ALL	a15be7ab-b030-420f-90e1-2b7dddf72b16
ALL	6f329d07-3308-4c84-9113-2bf000e9be3b
ALL	f7d03cd3-2d55-400a-bb29-f86ccae475ec
ALL	5889076d-0a5f-4c3a-8254-a941df3186f7
ALL	5e0f6c97-9a31-4d45-8e4b-3d3ef821fff2
ALL	32d4f183-4346-4250-9739-3b9e4ca2253f
ALL	8b849e83-cf60-44f4-a955-eacad7f50e8a
ALL	018d0e4d-366f-4353-816a-615d6b4aaab7
ALL	753f0c0c-ac24-4e17-88f9-516366f7beb1
ALL	b6f445a0-8e8e-42ef-8177-0016f9ed6cf7
ALL	755c3447-77ce-40d7-bdb7-15cd08547ace
ALL	0b96a41e-6a0c-4fc6-8f21-8e5f992ce5d1
ALL	0bb01091-6cfb-48c3-a6cb-ffe0129edf5e
ALL	7467d23f-4cee-4ab2-bdf3-053008f620e7
ALL	63366f39-2123-417b-9679-ab680e288dde
ALL	07999cd7-fb27-4a16-ba92-371901aba3bb
ALL	24d332f7-d223-4dd9-bdc7-31797d317a79
ALL	cff2f717-8801-4b3f-a1dc-8b13b1f37cba
ALL	4b23249b-183d-4b9b-9a6a-987624127555
ALL	697b8e3b-90aa-4fca-b6b2-91a12d90f98b
ALL	ef710e85-bc6d-42bc-a8f9-7dea9363bffc
ALL	56aebbf3-a045-4bf5-9e67-aacf2bf714db
ALL	d5eece48-40d6-47b4-bde6-36087740ee3e
ALL	ab1a73f5-611a-44f9-925b-c07b791887af
ALL	fb56ed68-9c14-441c-b1c8-9537ed3a8dad
ALL	25b90d1c-601c-4c34-9fff-6d8a93b43a35
ALL	0364ecd2-2f51-41e1-9eec-c2d026f0bdf1
ALL	4249cccf-a338-49f1-a007-8cc003e5fbc0
ALL	ca570692-d725-48be-80d1-dcc85004aff7
ALL	d8d97556-5e2b-46da-b196-574ee6766161
ALL	60ad6615-67f1-426a-a74f-19dedaed2a7e
ALL	605e86ac-58f6-47d4-8bde-15eb23c857cc
ALL	42feacb1-ccd3-42b5-bf97-a0f42a01e21e
ALL	8262bf2a-f944-4101-8e43-51658b580747
ALL	3547a5d8-ecdd-480a-91dd-e3f2ff724516
ALL	6e16f975-e8e6-4cc8-8b06-11a513dc4aed
ALL	34d03536-8d04-4a07-8ba3-621e2d5f2d23
ALL	58578d50-1e0c-4f5e-929a-c969c5346b05
ALL	1bcfffd8-46b1-4d13-8188-0a9f8fdb2251
ALL	f8b1a94d-802a-47b2-bc88-4fc56292270e
ALL	45cb042c-ee57-42ad-a8c2-1e2d75330f50
ALL	20a6538d-91b0-4be1-bebd-b464a3f77f8c
ALL	8b31900a-bca5-42da-b06a-87004970f9fb
ALL	9dd9bed8-2266-4274-aec5-fed4f391b40e
ALL	62b71d5a-a147-4ac7-b23d-48742479821d
ALL	3f308a4e-13f9-42f1-b4e0-8186560cbd86
ALL	03c0cd25-a1d1-451f-be41-3acd22b15d62
ALL	413ed4fa-013a-4751-8f74-d54f6cf992c9
ALL	da753d8e-152d-41ba-8357-62f8d8816af8
ALL	e93c7448-497e-4883-83e2-d36027874418
ALL	faca6c35-1ab3-4437-b2b9-78921be5272c
ALL	22ef0d4d-b5c7-47a6-afed-c4fd141f7705
ALL	17de2d1b-b5f5-4bf2-bb65-ee05d110a88c
ALL	1cec5eca-5440-409e-9e73-234f6aad18f5
ALL	e3c4d986-2299-43cd-b22c-fc52d3e0421e
ALL	52343d71-987f-4893-bd66-66bb8d8f0211
ALL	dd1c5a9e-d209-4555-be7e-8af0cb3e3640
ALL	dc4a7e49-ed0d-491c-ba1d-97665836898b
ALL	154de511-2bba-4959-970b-6a8429f29793
ALL	929667cd-81d8-4e8b-9721-0e5fc8e48619
ALL	533a6e2a-2234-4730-ab08-11c9be7d630a
ALL	6a867060-9fe7-45ce-b5e3-dab25c120fb7
ALL	d7b7a165-f13a-477d-8c07-53a48e837d42
ALL	67a5c1d3-0e13-443d-9124-8439ca6c7a63
ALL	15f20b44-b466-437c-98fd-2d332e0bf36b
ALL	6e67f804-5c82-4750-894a-0e85357f7e3d
ALL	1c7d1b8b-c755-4b3a-a1e9-f472aa71ae7d
ALL	2be558ce-c74e-438f-b84c-e825d81423a7
ALL	0c8ff168-a5ba-40ed-b2b0-b58c9b9959b7
ALL	af243982-6f05-4fbb-b9c8-0906a7b9d7d4
ALL	ab2c39e2-1435-4a47-b468-abd58c6b7033
ALL	84218848-61dd-416d-8b04-8ae9a06fb8ac
ALL	910e6a50-1c73-4b3f-8112-aec92c4645cc
ALL	e7830cae-311e-40e0-ba12-aa9d0d8eaa49
ALL	c976b83c-0396-424d-b910-bdc82a5b5005
ALL	4964dcd0-781d-4600-8f87-8179829d0c35
ALL	a568933f-cb58-4988-918d-fe963f982c47
ALL	93e609d9-64cd-4034-8fd9-37df62554d49
ALL	2c98b857-5550-4b7c-ad77-2c17348a2d85
ALL	f1edd2df-b7ae-4f73-9cca-3ff5e2ca65f3
ALL	409f2b7c-0ad6-4882-a01e-2c4b07951902
ALL	406b8e64-b3bd-455f-a7c7-dfad8cec19e3
ALL	26f77108-c3b0-4833-9a1a-df457d7415a9
ALL	451a08a8-11fb-40cd-9759-61d36af70a57
ALL	5286469a-a1bc-4f94-8471-3ffb6260417c
ALL	d79852aa-d241-475e-9c38-6852f8a2ff1e
ALL	77e32689-497b-4f52-a6f6-a8112f435d40
ALL	1cd9aa5f-2ea6-46ae-8078-a5465a39bca1
ALL	eed7f3a0-32b9-4202-bfe8-f96a8dd92244
ALL	775ea8fb-db72-4941-8b70-a0191dbf71b7
ALL	80eb1493-acfa-4345-b224-8a7d5af424fc
ALL	d161861c-6e70-48c7-9a1d-87969d7ff473
ALL	da327954-374b-495a-b601-e7bdc41fd31a
ALL	10c0d3ac-c9b3-4947-9cc0-9d6fa1421e8f
ALL	0a187e9e-fae3-4b9f-b6ed-23cf0ffcb39e
ALL	1b7b8c2c-41bf-4733-a213-704f86e5aa46
ALL	e8823aef-fb09-4500-ae56-bf22bd9ec016
ALL	1bcb3bf2-6472-495f-949b-48e2d3b373a3
ALL	4057d69a-52ef-451b-bd74-6436919970c9
ALL	f96c746b-ddc6-4901-9f32-72ed777c4ce7
ALL	ed3c2ca5-b134-4cc8-bb7b-879225eca610
ALL	75d3ac14-401b-4549-af08-e513f0fec242
ALL	21527594-ed75-4654-9caf-83d31f248e67
ALL	8b539df0-163b-4e8c-b109-446f6c3579ca
ALL	7e36dd54-23fc-478d-921b-2322cb80af4f
ALL	101e52fe-fff9-465a-946d-4753694d0c9e
ALL	e2a8a613-fa46-4458-8956-6a992099e93a
ALL	80c980f2-21b7-43e0-801e-572eb288ea60
ALL	5aa05885-94c9-45b2-b6a6-8e69b6b1cba5
ALL	072d4261-7c22-4bd9-b4e1-b107e845e5cb
ALL	9f949dc1-bb9d-4e38-a313-e243c79acddb
ALL	38aca442-4b0d-42e3-a20c-b844f1134a3c
ALL	761a7d77-3a93-49df-b665-36e14e5d1d1c
ALL	3ce2a607-b572-403b-9a73-df44baf1d8bb
ALL	ce1cbbd9-e6b7-47a9-b512-da8cb0cdb0d6
ALL	da3a8e27-52c9-4740-a410-c3c01586906d
ALL	29634b53-aeb9-42cd-8162-0121b0cd7043
ALL	92c3f68f-ca65-42c0-bb63-5b0bb7ca460c
ALL	e1ee3a5b-fcf3-4172-be78-2ccd594a6bf4
ALL	39a226b0-3f39-4a2f-9e38-2ad77349a213
ALL	fea9fe78-ce9b-4c22-b688-7d458997d6fd
ALL	d4c64f30-f006-4f19-99a5-4385c419f10c
ALL	99b7f902-191c-4977-9dd8-d15aea54bb26
ALL	b05e9b9c-d371-4725-8f47-614cdf30cbd4
ALL	41d07c22-cb1e-40dc-9e02-5fd269eaf103
ALL	dc2e1d4d-c233-4d63-b49d-b32c6d791746
ALL	2b17cb08-4cea-4d53-a73a-fe6c58dbf460
ALL	3993b227-d99c-4e8e-890f-37960592e966
ALL	9c2257d8-31d7-4689-858f-8a92f1abcdd5
ALL	6cadc656-be2f-4225-b0d1-3fe70c5a5fdd
ALL	0f342ca4-4e82-4b11-9ef5-df76bf88e4f1
ALL	45cc1d31-9b81-4268-b83a-5d4c740bd2b6
ALL	1cd2cdb7-e78f-4412-994d-2948c46f56a1
ALL	77c0c882-6c44-4820-8745-3b7217353426
ALL	a87f1356-40ee-4db9-be7a-85c712f2493f
ALL	d55e6b5b-7f42-4f88-9a82-fc932f5abf83
ALL	f8bc0763-5043-4b7d-9045-797d47c46066
ALL	8c452212-4657-491d-8537-740e8f450100
ALL	583f4290-c8cf-4d90-882d-25e459a12c26
ALL	9ddc30ef-891d-4bfc-a1df-d5a2539b4376
ALL	3c4f15d4-dcf6-4d60-b86c-6006f9051e54
ALL	9df4818d-f9cd-4688-a4d6-4d0ebfecc2ed
ALL	3944c4a9-bf7b-4c59-a259-86b5d9a4c4e1
ALL	a2b02d21-5887-4bb4-b120-ea9c80ad0a8a
ALL	8cd8aaa5-7244-4392-bc49-5d42ab2404ab
ALL	19519db7-1e78-4726-bb82-e5c9106e16be
ALL	4a3c1455-336e-44da-b780-e3a168824276
ALL	eca45c05-9488-4cc8-9912-00e1208636dd
ALL	55ecc463-2410-491d-b052-c1cde828e3fc
ALL	b934131d-658d-447e-bdac-eba789daa8d0
ALL	ea4852e3-f4e8-4069-9da0-ba2277767cec
ALL	2e66d442-786a-484e-8050-c9b9198fe9dc
ALL	e9631f82-22bb-4fa6-a39f-9fcd22abb3f7
ALL	3ac1b491-2e6e-4b86-9567-00b1c1afe19d
ALL	56c6e5e0-c731-4dbc-a470-fd91e0c83af7
ALL	671ad519-0537-41ac-8ba5-41286a55694e
ALL	a519f7d3-ef12-4901-a699-da3d520357d2
ALL	6dfc0db4-76bb-41a3-8299-f3c8198585f3
ALL	c1b9820c-02eb-4c28-90c5-b1a7233691f0
ALL	1aa58f3b-788e-4224-8887-4af8eb05f4d4
ALL	cb781dcc-029a-4497-86f7-69960412d6de
ALL	a8fab76e-ae69-43d6-972b-5837aec668fd
ALL	b1d7a453-8024-462e-ba6b-35656117e60f
ALL	4aa74190-2cc4-451f-aeb1-045bf441058e
ALL	3d38f604-e571-422d-b645-bf73a0348243
ALL	e98b63c1-84b9-453c-b38e-b7e123e18b7e
ALL	9e174bf7-5169-4b62-a005-1e2d87fbfda3
ALL	3620a73a-8136-4e26-8a67-7faa964abedd
ALL	514eb21f-86c3-49df-af96-1a793f0f5ab5
ALL	aeb15066-810d-427c-a227-8111f36a793b
ALL	40c68737-e42a-4d24-aff7-f20427f4f1a4
ALL	307f759a-5793-4bde-8f45-3bea8154b326
ALL	25b7ebde-6d3d-4ad5-9d54-0ca03779f059
ALL	2b760ce8-16f3-466e-8164-613be4d81518
ALL	96d005e4-fb85-4f89-b212-f5a4cd3eeff8
ALL	0bede55c-6180-4afa-a594-00d1106d5517
ALL	be2c230e-c762-41fe-a11d-0a9194e87f90
ALL	247d2218-72f7-463b-8493-b2ea1a103370
ALL	1e83ac72-12e9-4e44-a928-e9e8aa092ea7
ALL	6e782dc0-eb20-4ba5-b667-e53a40d8bff4
ALL	2689f0ba-cce5-45fb-8db5-9832e88663f3
ALL	50f4bc66-e2af-478d-9253-8370ab937d88
ALL	a3b9e865-f6c4-4a3d-9d0e-92fc4d4224ca
ALL	b5040da2-0d96-422a-9760-98a95c136fe8
ALL	d8a6c759-7aa9-4002-abd8-17c5e6cdb074
ALL	8485819f-db44-43b9-b330-1aa55f1b8fc7
ALL	6fc94822-85d4-43ff-87dc-0775840a15b4
ALL	4206b385-00cc-4540-9bb0-92ce8e1b7201
ALL	b8ccb09d-aceb-4069-a911-89663575ab4b
ALL	75e6cd5f-d328-40da-bfbd-ae4210ef627b
ALL	c677da58-ed7b-43ae-b49b-7a7046f828b1
ALL	7dadf224-ecec-424e-a851-c5deeeaee6ff
ALL	a501be4d-dd7e-41cd-9f85-e05e1e486001
ALL	89b9f658-1223-4d46-b42b-b4aa892880be
ALL	86d2d0fa-98b1-4615-909f-909b033bab29
ALL	d3e3821a-8d26-4b15-b928-e98eee5fb537
ALL	ce0f90b6-300d-42da-9ed4-f37fbb38ca73
ALL	bcaa3f6f-6bf9-454a-8d93-b54c7926763f
ALL	cdd409db-5010-46e5-80e6-df5374edf622
ALL	ca98ed7d-7f97-4791-b86b-c92825b1e896
ALL	eed5ee07-f84e-4907-b4ea-1aa879d3602c
ALL	e867fdc9-ea49-4192-9546-8f564228edc4
ALL	6027f7fd-8d0a-4354-996a-8cf91de68996
ALL	326583ce-d99e-466b-89d9-f01a08c8cb16
ALL	e2d40747-f751-4ccb-a45c-a60b06046db1
ALL	eeb7b128-7dd0-47bc-8954-f24189660ee9
ALL	4c52f547-bd92-4f42-b687-d55489e6ae26
ALL	5655ce5a-e9e5-4c46-9612-748d94bc18cc
ALL	8517ebf6-775a-44b8-8505-977e5fd2fe9e
ALL	38cd04ae-da05-45e1-831c-62f0697093d4
ALL	f38e4993-5bd5-431f-9803-df803de8edee
ALL	c1d4cc95-fcfc-4eca-89dc-fc52c695dee0
ALL	f657b2a3-662c-4fe6-92bd-9a836182c82a
ALL	e6956c4d-8ecd-4fa8-8802-1881406b88a0
ALL	889c2a1f-9659-433e-852c-1dcdb650d9cc
ALL	1368c9be-6e7e-4937-bd0f-81401df71449
ALL	6c0fd91a-d164-4fee-978b-a7756aa6dcf1
ALL	d7261068-24dc-42e9-a94d-c99114bd9619
ALL	c97a6684-daef-4dac-9d0d-6f0093f373ac
ALL	f207131d-8db7-464b-a3e5-44218da1cafc
ALL	ca9fa136-abf9-4e61-b38f-3df0249b3c72
ALL	2f8e5315-bc5c-4b1d-8f91-2928f7c6fe3b
ALL	6d1e1ffc-5c22-4a63-a267-7525b23d3727
ALL	8198b6cd-9f70-4c75-8ed7-770ee9ab3642
ALL	1356d623-ed9b-4d81-ace5-db9c3ecd7f71
ALL	3f733c5c-acbf-4e59-b8d9-c8f754970db3
ALL	a9947b6c-dbc7-4ba5-af61-7647e11e2973
ALL	cf55a398-69b5-4be9-b2fe-b58a94d068db
ALL	41c094e9-6c23-4993-8d90-338b66efefc1
ALL	1aa8ff4c-cf2a-45b2-a74e-a07cc83ff634
ALL	e8f91e49-d1fd-430f-a578-5c98300667b4
ALL	ecf0bb77-6658-453b-a0bb-72527491eaad
ALL	b8502218-20e3-4317-a1a4-3dfd2659afc0
ALL	3e4daade-7576-4937-bf01-f4b35ec9b1bf
ALL	edcab604-3f64-41d4-b166-c0eb56e4e7e5
ALL	9f509032-8193-496b-ac82-c8070fd993cb
ALL	d1130332-1f54-48d6-9c73-0c7b55454b06
ALL	a4ec3a58-c289-4052-aee6-d234c236522d
ALL	da8b5b7f-250c-4f7c-92a3-4658f9f729b8
ALL	dd2fd494-160b-4f20-ada9-fa6793b66626
ALL	8fa58f25-5419-4947-b584-c605e715cd96
ALL	5e3b35c6-0ab5-4e1b-bc38-38760287ac72
ALL	c3de6341-c2e6-4668-892b-4dd254e1c93a
ALL	14b6f5f6-87e6-4da5-bbc9-13e97299eab8
ALL	a6c21bf2-dd9b-4243-863e-9d53b056666f
ALL	59286a60-24b8-4aef-89e2-99cc10524ae9
ALL	175e2961-9c4c-4f62-ae06-9fc562fc2952
ALL	660a0cc0-ecfe-4566-a233-ddc978c5be97
ALL	269b3f7d-ecae-43e0-a836-45a9550d5b67
ALL	a553374e-f059-41f2-8250-687845c561b5
ALL	0246c572-d68d-468e-a3fe-36ec934762e6
ALL	adcf8e64-579e-446d-810f-15ef714c6382
ALL	1b2df3fd-183c-4099-a387-5908c8b44f57
ALL	b20e3094-1234-4128-85c5-70bda65b2bc9
ALL	b1dfba29-3616-4686-8a92-9ddd918f35c5
ALL	a12145e9-3ba9-4340-ad39-1dab357b5459
ALL	7dffc172-1f87-4e4a-8d26-c6fd2180bd06
ALL	1784f393-cf44-4bba-a0fd-98d0f6c50b83
ALL	12c40818-8704-49a9-8a54-cb85fcd10cfc
ALL	61dfb150-b544-4a54-9306-629ff8e3230f
ALL	309083b8-041e-4c3d-bcf2-fa3e4f671c10
ALL	0ca170b7-0853-4f38-b4b2-fbed4a9cdf23
ALL	8c23898c-2b3e-4a33-a4c0-a81496645297
ALL	a75c92b2-c67b-42b5-a8c2-7eea1b567ed0
ALL	3dc4161e-161a-4fee-af32-4dcee6dd80f2
ALL	548e1a51-b951-4f57-91d9-984d4b0f1afb
ALL	a1dddbed-c780-412a-b563-914f71e5c75d
ALL	0c9f48b3-c6aa-4c79-a94f-30a5c68d75f6
ALL	e8acd20a-3901-4fb7-a0cb-8c4aef14d1c3
ALL	c912f33a-b4b4-4e5d-b1a6-d5a43a5b472b
ALL	bb14a523-735e-4523-ab6f-3c1386057ac0
ALL	77b75b10-3d22-42e6-a058-ca617caf1ce5
ALL	641bc815-243d-443a-9364-abc84e3861e5
ALL	c9dfd305-36f1-48ab-b3dc-aa55df14071f
ALL	05ebbf3e-eaf9-466e-84d3-ffcca04fb430
ALL	7b9f2f35-d9b0-45a6-9d95-58a36a5822f5
ALL	1f7fe989-7a82-441a-933b-401ad053cb02
ALL	8e104a5f-15a1-4de9-8d5a-449e6afd9ba8
ALL	2f1e11d0-dac6-499a-8a19-8ee05a24ba34
ALL	18428bca-1893-4a8f-b149-86a101dad879
ALL	3aa1a1b3-5767-4aef-9f04-ce125be32a78
ALL	7765c8b3-8b0e-4d1a-8d04-ef6f67156665
ALL	bba134ee-396a-470d-a4dc-d6ba245e21fc
ALL	8a5861fe-b1c2-4a94-b31c-82fc4e5c7d4e
ALL	86018ab1-ef41-4f0a-b12d-1ad753ba0fc2
ALL	cb1c5a54-59e6-4ab3-b4d8-062c29953a1a
ALL	252836be-aff6-4967-8887-d93b178a4ff9
ALL	211ba6c4-0145-40fc-895f-9074aa56c8ba
ALL	f1421153-1786-4460-b84e-8ddb7c5df064
ALL	c5a4174a-cf6a-4e3b-a1de-846ee8b0ac87
ALL	15541567-587c-4ab8-87ff-3d0db7d0c47c
ALL	b00037d8-db00-4b85-b4de-d961aa916593
ALL	42406d67-024d-48f0-b93a-6d4d7db10e95
ALL	47f526d3-69d9-4262-abbf-a59e55638458
ALL	c369f526-595a-4fab-be98-d3cd63d109ee
ALL	509069c7-21fc-41fb-80dd-99f1bcdde5a8
ALL	8235f4da-715b-476e-8adb-53fb8104a68a
ALL	9af3db94-6079-427e-b334-e0772386e65e
ALL	9aef1e69-b9c9-4523-899b-06fb297d1ab5
ALL	509b945b-997e-41ab-9b8b-67a0d3170749
ALL	2ec161e4-9607-42be-b23f-3f640bb38e04
ALL	68763efe-e612-4e17-ab19-d469815379e8
ALL	12d1fdb8-d1ec-40a0-aa58-231559b6a243
ALL	72beac8b-eb86-42cd-a434-f8d94c8cdf8a
ALL	20b35f8d-026c-42d0-b1ce-83d6ee549abe
ALL	4c6f4edb-9a29-48e6-8521-9c5fd2572e2d
ALL	f2e8cb09-297f-4860-af20-73d1f5a20e6b
ALL	570a0479-e0e2-4bed-b67f-7cd32ded3756
ALL	a04c6bdb-0842-43d1-b88a-7dd75ac40486
ALL	b4b6af0f-a786-46c8-8cd1-25e23346e24f
ALL	a8ff0bf3-064a-4025-9dcc-3037b4ab07f4
ALL	93c4bbe8-8424-4a93-ba52-6c731b253b19
ALL	17313700-6052-4901-8850-981fead99d6c
ALL	ff39c988-3d62-4bbd-9453-82ade6e1d44c
ALL	00f6e0ab-d171-4553-ac84-c6c806bd9887
ALL	c6a60e40-2475-4a16-990a-255467bbdfdd
ALL	b16a82ca-2eaf-4b7a-b469-2be4a023fc2a
ALL	4b318da4-400c-4a00-9258-cc4d114813f6
ALL	ad002a3d-f8e6-46ec-a7fe-7f4b71f4b43a
ALL	59b922a8-58d4-4648-8290-00a9b0493604
ALL	145e54ba-08e3-4593-bc73-c19094eb8255
ALL	5e6b9787-9256-4c94-90c5-57fe8b3e3078
ALL	66efd8c2-8df6-40d3-a21b-64eb7e4170f5
ALL	3e0e68b0-c979-43a3-9ad3-4ad1b978b797
ALL	0a6efed8-653b-4969-8964-46ec195f35f9
ALL	7a166162-4cb1-431a-bdde-e5d481964273
ALL	9097912a-d985-4e9a-a781-9b7f746de6f3
ALL	fe96ecec-fab4-4a9c-af12-1572a6f2aef3
ALL	454bb055-43d0-4f2b-a196-e5595bc654c6
ALL	d6a730ef-3f0d-47c1-977e-5c80647356d4
ALL	621f4b03-e765-428f-940c-97c91b2b59a3
ALL	1c0f9575-9895-4068-9134-211caeb6e80e
ALL	a851971a-e964-47d4-add8-39668c8130eb
ALL	8690c5d7-7eaa-4aa7-8a1b-a048103c0e9f
ALL	97421d06-b199-4246-b2da-80a9ba313335
ALL	471ce542-e85b-4bdb-b365-4562a93ef1e5
ALL	61aced60-7c03-4272-bdf2-b51cb18cf67f
ALL	8530c572-07e1-4c59-9820-4699e2e2d5b3
ALL	88568fa8-7e1b-40bb-8c43-6cd1a442b796
ALL	8cd2bbcd-3ce9-4b57-99da-895b82300af8
ALL	13fec898-8082-4f7f-b9bc-078be93670b6
ALL	4fa249ed-2767-4eda-bc68-798d47b94725
ALL	d3280297-5674-4ae6-ab57-8d820543901e
ALL	f3cecdf1-5f0b-413c-922a-38e8f7089525
ALL	99d1b651-9a37-415e-987e-31c69a4c4716
ALL	aeb505c2-095f-494a-923b-f2ab2af2173e
ALL	faa44b90-3705-4d16-9e44-70238892ca13
ALL	077bda39-7c8c-4b20-9036-53487f512299
ALL	37ebcaeb-7a9c-4e96-adf2-49aa7e402afd
ALL	e4f642b1-151a-4998-bbb2-ad6fe860e349
ALL	0072bb9f-bed6-44df-800c-9637019b4707
ALL	6a8ad307-fada-432d-a223-8d9780c4eccc
ALL	091f38f9-cac5-4e1c-a955-ce8a07602cfd
ALL	f9d2ef9b-cb70-4a03-b6f8-49a5b5c672d4
ALL	ca1c190c-a8ac-4c1c-b722-b981febb8d4f
ALL	acee2a6d-01bb-458d-bdc6-06cfee8aedc9
ALL	602a2497-298c-4687-a843-0db6ffde7386
ALL	11489782-62c8-4e66-b7bc-8d616bf58776
ALL	fb676be0-8122-4775-a0d4-3f6992ee9fae
ALL	bc2c2fe5-6b0b-4f21-87f6-eb37aa0b8472
ALL	8d54b22b-ee4b-45e0-922e-24e3c20c4c1a
ALL	a3627887-d988-455c-b87f-a9d2ba8bb6a1
ALL	305a74a5-13c1-48fa-b40b-c83637344e7e
ALL	99e4cd00-819e-49c0-ab2a-847f03cd5cc2
ALL	d96f8e6c-1935-4e3d-9b1c-ad3ea7682f7c
ALL	716b0222-72b8-402e-bcad-15c017dca3de
ALL	7fece61f-ce10-4ad3-9dcf-62ae73c7e71d
ALL	ff3e53e7-90be-48ce-b729-9a30fc7fce92
ALL	c640ba79-2f5c-419c-9b99-54b844f82a8a
ALL	543ee2e4-d43f-4b80-9583-6203b32048c3
ALL	72d3fd43-26c9-4ae4-9af7-920bcf2fefa9
ALL	6f81ecf8-7c29-45cc-b680-a39d66b75a61
ALL	bc5038bd-5ad7-4776-858c-b0d8f85a7c2e
ALL	b1f0f178-7de1-4498-9401-3786b767e320
ALL	813689a4-0413-4ee8-a5ba-79439710bbdb
ALL	d05c3419-4164-4a69-8b11-ce1f5c29b5d4
ALL	68b5218b-b7f0-4549-af44-dfcbf327bc48
ALL	89cf7ea0-30b1-4764-9c61-7f23f5c944dd
ALL	a5017aea-ffe5-426f-b673-77a071d12178
ALL	0de954bd-12f1-4994-931c-ebcc10ec0c57
ALL	0fc613d2-82ad-4df8-b018-c83d22563daf
ALL	1a560183-4557-4a3b-8af0-a10ce8399f9e
ALL	c140b823-9a9b-447e-ad65-d4a2ed5548cd
ALL	539bcb14-81fc-4da3-aab6-248e529025c3
ALL	623f02d1-b14f-47fa-a3b6-78202e183644
ALL	c2cdec60-3a0d-440f-83fc-c87ceb45e120
ALL	98d425be-4d70-4260-8c4f-b0eb89e0e4a6
ALL	1fcdf295-1baf-41e1-876a-1a2658fa095b
ALL	26307437-2f30-4647-81ac-f6bae5be6113
ALL	cf151e98-005e-4ac5-aacf-26674b3764d0
ALL	9e30a07a-f227-4b6a-9c80-619abed6f7bd
ALL	fc3b3fc0-84a9-4514-9d93-37138dbf4cb2
ALL	a5d67694-4d2d-49cf-a63c-d3d8258ec64c
ALL	0463ef8a-dfc4-4365-8a69-7bcd72ab4ddc
ALL	0bb2fe9b-cc13-46e3-becc-de7a343b7f3a
ALL	08ce626e-0734-4d54-ba3f-ea5702b886f3
ALL	261e7ec8-d65a-47fb-996a-5235bfb877cf
ALL	33029907-d725-4432-a6c6-a4043b594ed2
ALL	212717dd-25f1-4c76-a648-b8a7d65caecf
ALL	200819c3-826e-49a1-8824-6d4752e6eb6f
ALL	9942475f-b99a-4eb1-a251-a4f4c6bc8a90
ALL	26e141ab-c1c3-4b69-a920-f34256849e48
ALL	d57e4ed3-6e34-49cc-8c59-1cd437ce8dc1
ALL	9695118c-33d1-4b58-937d-7a7158a2f803
ALL	5e11daf8-523b-42e5-a9b5-a16bffc4299c
ALL	0ba61f47-09e7-4cb0-9de4-c52bad10e07d
ALL	635e81bb-87a7-401e-8faa-5263f71688de
ALL	93b3995b-032c-4549-9d0c-db96708604c4
ALL	910f1cfb-3c45-4e0e-a80c-77888085e315
ALL	8206100b-f3a1-483d-9b1d-9b82d6fb204e
ALL	32ada444-f5c7-4523-9b4c-2e8733f62d2e
ALL	242a72ad-5968-4bbf-936d-75b398a61b96
ALL	fc618090-8d1c-4076-8391-ed0072b8d3a5
ALL	aea28dcd-859c-448d-9c06-8a7d8ef63d1d
ALL	645d14d4-d015-47d6-9430-79d4d4b2daca
ALL	154211f4-73d9-4f3d-9f52-d1a8fe3bc828
ALL	a3ba7bfb-6ffb-47fd-8424-3f53d43939ec
ALL	091a03e1-f6a0-4741-abc9-454a28df695d
ALL	8e7ba42b-77c6-4fad-a39a-9ee4f3c7146f
ALL	a14155f3-dd0f-4735-8b28-2204fef83896
ALL	fb7ead1b-9801-4ca0-b9bf-f3e294d42023
ALL	19d289a2-4dfb-46e0-bbbd-def702153904
ALL	9997f634-8806-40b6-aa8c-e65956ebc419
ALL	b08dce6a-d561-41e2-ad8f-cdb9d02e7efe
ALL	e26d5f73-efda-4e10-95c7-e311d613656e
ALL	cd7c5598-471d-42c4-b46d-113bf4daadbd
ALL	a4560108-e23e-4980-a69d-b6e6b775dc90
ALL	c0becf30-ec95-4a90-89ff-b0d11f0dd00a
ALL	b06a5b09-d401-4965-abdd-b7770115888a
ALL	eaeb42cd-2b8d-4e80-b147-5d4c52e592d9
ALL	e5d28d22-61ff-41de-938a-263cd8338bb8
ALL	f44454f4-282b-41f6-b242-319903d3c9e5
ALL	619975cd-d9c7-4081-852b-ee1335469a0f
ALL	11f3a626-d02d-4f10-bd0b-08134078c838
ALL	16feb2a8-7f50-49b5-bece-c8eef79abfc1
ALL	b4c29685-baf3-4e32-94cd-964493fc36c2
ALL	3df7995f-fb44-46c4-b4b4-d02be49c55cd
ALL	bcf62699-e231-4071-bb66-db41648d2e43
ALL	259427d0-8f7d-43bb-9cdc-b07c6437dcff
ALL	08a08259-37cd-4322-824f-078962f009c9
ALL	1e225012-a846-4ed3-80a3-cba2a0513fd9
ALL	3876608c-ec7c-4b8c-830c-f87c25353605
ALL	78eb1e66-6961-455c-bf2c-89cec13de267
ALL	d65c2832-7863-4396-90dd-ca4e109838fc
ALL	325c9a60-dfe5-4fe4-bfd1-5393734f49fa
ALL	da56d751-8094-4060-94c7-9a6454cd73d4
ALL	e803e3fe-27fa-4af5-a81e-5b61f85decac
ALL	169e8aff-335b-47aa-b0f3-4a94151ddb8a
ALL	27cf4ab8-b5b6-4ad3-8f60-088ef153c271
ALL	9934b3e9-d7f3-4dfc-93d1-d6e5203519c1
ALL	5c41354f-c73a-4afb-8511-bd15f395d176
ALL	c8036cef-414a-4175-9ee1-6da1d49ab375
ALL	74741322-3b24-43e6-9ce1-f267b0555f62
ALL	dafed455-98a2-419a-bebc-f90b731e2813
ALL	f33e0659-a0a1-41b9-b640-ac2d4966b6f1
ALL	e2557bba-b331-40c2-8389-c52324630bca
ALL	78419db8-acd6-4437-85a0-109fd561d99f
ALL	f95fb511-2f44-4f46-b721-6fc0a735af9b
ALL	2974ad51-cebf-4a53-b3c9-28489c0a2a0c
ALL	5aaf302d-3b46-406c-b89b-837777b04a73
ALL	264b2ae9-e4e1-401e-bee8-c219d2c52bde
ALL	21356524-af5b-4227-93ed-e3857788849e
ALL	18e2feb8-5c4e-4de9-8946-8872f1712182
ALL	48314c1c-8dde-4457-8f6a-34fb86010868
ALL	74790b06-0fbf-4e64-bb4c-f421f76154f1
ALL	326f4883-ed3b-43a7-a324-86f807f861f4
ALL	dbf6a676-4878-44dc-bc8f-74e2afc21972
ALL	c389ce48-c0fe-4ed2-a64a-8bae971103e6
ALL	b0996ad5-8909-441b-926d-1978f4cb540f
ALL	23efa378-6656-4ddc-a305-2d60a5c8a66b
ALL	ebb0e994-7f98-4af4-9947-375d19631522
ALL	1dd42464-bca4-4aa6-beaa-2414264fc587
ALL	8d49d3e1-b827-42aa-82e2-5a79a3d522ed
ALL	ad1a06f3-77fc-4a6a-bf8b-8047d46b1fd0
ALL	63b52a31-696e-42e4-87b7-9e7d8b5c72aa
ALL	c6cd8e56-f7c1-4359-a8e7-3f6215bb7d97
ALL	6046f260-a972-48f3-b136-ffd0b15ca247
ALL	d5acd8fe-7635-4ef9-b7c2-7bcbb2393a14
ALL	80c1365a-4c26-457a-9dde-6fad0228e84d
ALL	d67be8e3-41e9-4948-94cf-adc5eddd294b
ALL	e6979738-59b0-4965-8108-b540c60bb9c4
ALL	2d987bc5-bc12-46ec-8d8e-192465c362a0
ALL	eeaf74b8-9542-4713-a9b7-65c10a92d483
ALL	0780c909-e048-4500-82b2-3f02741f7be1
ALL	6f2db39e-16bf-4b9e-b630-633d68e38b38
ALL	aef315e1-2082-40d7-824c-fd231ad01ee0
ALL	8dea410d-98af-4aa0-a3c1-ecd853570265
ALL	0b6dfb9c-90a6-4f46-a44b-28b889aec62a
ALL	068bfe4d-341c-49f7-b7a9-5d070de00ab3
ALL	17d8263d-28bb-45ab-8373-a457a82e28bb
ALL	a6180591-a96d-4d38-9937-5963fac6b3df
ALL	6adcb787-0802-4d9f-94fd-c35cac487044
ALL	3257e690-9306-434f-b6ac-17da58ab1243
ALL	a4f480ba-830b-40d9-a4cb-b6b8df66eaa4
ALL	e81388fe-6e36-4a90-8a68-c8b41955395b
ALL	ebe0c149-a7ff-4463-bb2e-55443620ae27
ALL	11480ec0-8ed8-46b7-bbe8-e06c86e19b81
ALL	1cafc728-e080-47b7-95e8-eb5194c8fcb9
ALL	4519230d-d348-4847-b15d-f2331ec9f76a
ALL	1f8ce8ea-74b6-4d91-81e7-b689d11c26cd
ALL	8ac5dfa6-8dcc-4711-8959-8e45344f3d7e
ALL	1097fa28-910a-4dfc-9ebc-22701feb54f3
ALL	cce5b728-2e88-4479-aa1d-9a0de1d4276f
ALL	f4f380b1-26f1-4a49-833e-451bb8d04978
ALL	3cac036a-81cb-4c95-9053-c2c01533858e
ALL	98152286-d83c-4549-a8e2-912a50331f71
ALL	441d1289-8fea-43ad-b660-7d4021481ea5
ALL	f9918f43-1f15-4511-a8d1-8a341a35795e
ALL	61c0e486-b8bc-4a2d-a113-a0eb69065b0e
ALL	76904c1a-a310-4fe0-8973-8728eeb09637
ALL	20a8b74c-0548-4816-b89b-107a5bb62d7d
ALL	b3fb041e-e2f7-4aea-b08d-3aab3537ba3a
ALL	3f99a36c-b4ca-4022-9f8f-84d7ef7ae217
ALL	e4bfaa70-63d4-4891-9a1f-07e6e4f5014c
ALL	3dee8e6f-a904-42eb-bade-967a2f893686
ALL	8e0fab88-bc44-4bcf-8efc-91b5b181205a
ALL	d6b4896e-b2df-4c61-94b9-fd300c456483
ALL	1862c403-8cae-429d-88db-61489de007a2
ALL	b0668ea0-375e-473f-90f3-8078c41a790f
ALL	43d615b8-26db-49fc-82fe-6998b577f88d
ALL	5a2662df-edd3-4902-9c7c-79c7d9aa5bf6
ALL	e8c78f06-00da-47e9-b134-741ce2583f5b
ALL	545da2ec-6a9a-4009-8d4f-0bb2935b1bca
ALL	227cd50a-f96c-4894-81b3-df97df98eb6e
ALL	9d3acf1c-7dd9-4d5b-8fae-5e66b76315ac
ALL	4d9e88d8-eade-4f5d-a5cf-c8bcf173ec26
ALL	9cf593ff-1a42-4df5-9abf-8d1eb9e836db
ALL	56fefa13-9701-4b15-b18d-a7ade480cf37
ALL	ef8c8ccc-0b1b-481d-9b48-fd7f22c03d26
ALL	52741ab0-a0c1-4490-ac90-931c51ff3063
ALL	637c925d-19ff-42e0-8d19-f004d164c59d
ALL	1de65bee-b525-4517-9295-27691e49e42c
ALL	486f0027-f121-4b72-a326-e2156e434435
ALL	f70a1f40-be65-40a8-932b-dd7499df2d88
ALL	86ba6437-cb20-491a-a0ae-7d89c0efb196
ALL	d77173e8-59f1-404d-ac00-766ee3995de0
ALL	e56d5869-e0c9-4f21-a5ec-531728e68ad3
ALL	7dbee6b9-f041-48a0-982d-3abbd6934c6c
ALL	4acc47b4-c707-40c7-b0a1-7a10411de31a
ALL	62b22012-7e2d-40a8-8b38-ab96a04a5403
ALL	0c74d384-2fad-4228-a69d-a90b5e805d01
ALL	e2121761-9955-4413-8711-3fb9d7e7352a
ALL	8b6e49fe-5470-476d-9695-0caee2896d66
ALL	b2dea58e-527e-46e2-ba14-3070115c9a28
ALL	04d3168b-ae52-400c-94fa-8ec43eface20
ALL	85e901c7-bf9c-4195-b91b-090396a9992c
ALL	c734ea72-a3f1-45a7-94be-3aa675e51759
ALL	eb255315-79f9-4aeb-8b9c-6a13cf5d0556
ALL	109081b5-0372-4108-81e7-f43a51eef50a
ALL	db1aa099-10af-4d55-b245-54c1a61540fa
ALL	aad75404-6590-4d5e-bba3-f26fa1daf6c9
ALL	00ca7164-ceb2-44d7-a8e9-b6c6dd678ee9
ALL	912d5b5e-393c-4d63-947f-a2e25e2e0fc4
ALL	83208d3f-077e-4dbe-848b-461249fba9ac
ALL	3c879277-3f05-4855-ad5f-5b4f7ea5e3c0
ALL	017e13fe-baad-49a6-ab3c-4d0082029f16
ALL	42c600be-b9fe-476b-9fa3-3c61e1c1ab83
ALL	51b6524c-9363-4d86-8339-98c210f52166
ALL	a7303788-d615-442c-af49-99978d52540d
ALL	6373192e-42f6-4230-bb23-21ddd47ea604
ALL	ae17f913-86af-4f62-a542-4738f439da9a
ALL	d662aeb3-ea40-4642-b726-6b8556557e95
ALL	089d8f98-ce5e-4db6-9d53-ffb4fba99e1d
ALL	7d230a33-6dd5-4697-aa9a-67ace555c43b
ALL	932cc5ad-5e99-41f5-b8b4-5b6c4f74ff57
ALL	b4f9b73b-94db-4e0f-af55-cf0583318a4a
ALL	042b5656-6b1a-4448-a31b-22478d5b77da
ALL	0a3ffd01-fa5c-4372-93ab-c38f8b1ce096
ALL	21f4dde9-ee57-4031-bb69-f2eb5abb7bcf
ALL	b7e9ab7e-0e2d-4103-8243-7230476bafcb
ALL	e8cf993e-7ae7-4c17-a768-1bffac67d6a3
ALL	b2308746-e77d-4ea5-bc9b-45f985520073
ALL	e815b1f1-e9fa-42d1-bab6-4bbc59ccef0a
ALL	8d82aced-24ab-4a12-b631-81fa959adeab
ALL	dfb07b36-7654-4449-8f53-d822d6904cb3
ALL	76d79ea7-dcf2-44a7-b75f-192c62250e3d
ALL	72608ed2-cb38-420f-8152-9bad1f413e65
ALL	bcb1bab9-d7d0-49c8-b7be-175011bc4965
ALL	d7e52e92-db83-4bc0-a523-71bf30365eb0
ALL	b979834c-cf76-4ed1-854b-667c35891628
ALL	aeb88120-4d01-417b-9e80-bc12b7f33e5a
ALL	a99beb0e-0abf-4d05-a34f-4d99f24e274d
ALL	6f61dfbf-9e27-40bb-829f-8e54600c98b6
ALL	088253e2-1c11-4f3c-a649-fdd40335d964
ALL	a1a54d46-e6a9-4e3b-8839-e6876eb075c5
ALL	50ed062d-64cd-4c93-b51b-c179ef7af6c7
ALL	a283a214-8f88-4c9e-ac5c-60c5d26b11ca
ALL	b452c033-4893-4c22-922f-6a56dad70a1d
ALL	d73e7e7d-59ba-4ddc-809c-90d6aef12add
ALL	e505702e-87d7-467a-a2af-58c92b036a7c
ALL	7d6982a8-d410-47ca-a501-6cd5b97aeb5e
ALL	d5f750b0-558f-4f79-a473-36e47ba9505f
ALL	653837cc-4983-4c82-871a-4593a893d444
ALL	7ff975b1-bc2a-4268-bd6e-a2c54b69c033
ALL	5f49b532-b1e3-4b18-a366-068aa0d1f935
ALL	9d51827e-be2a-46a7-a2d0-995ad0f7512b
ALL	e4a750ba-da28-4a99-b40d-4ecded1efab1
ALL	6a0cafa5-5843-4523-accf-25fad4053de6
ALL	e5264234-58d0-4a3f-a2ef-42754982a9ae
ALL	7383e3ec-1464-4d4a-82e3-994fe397d39d
ALL	2db2e383-816d-4bc9-95cf-5f25bfa7f1a2
ALL	6626facd-aae6-4fdb-81ac-eb84b0fcfd99
ALL	54f2aee5-ad79-46d2-a066-5c2ca1e30df4
ALL	0f621ad9-0c44-4f57-b25c-2aa332cb880a
ALL	8bc46a09-7328-42e0-ad97-e557ec81048e
ALL	ab4ebb3c-8971-4d9d-87fe-68a82ee7a646
ALL	f81ef40e-108f-4be4-a841-810e01008f28
ALL	78360b99-5711-4920-968c-c29518cfe28b
ALL	6a303a96-83cd-448e-a6bc-dbdaa754294d
ALL	c17a07a2-1def-4fca-87ab-91e1d231bc5a
ALL	b7c6cc54-4a5a-4977-a6a8-72e04e3defda
ALL	1c1d65f0-2046-4dde-bac0-f5cc1c33412a
ALL	54fb3252-094d-4341-a0ef-f77075bb4d55
ALL	98512ed2-db82-4fa7-a7b6-9a2c3e7696e4
ALL	b94781f1-3322-476f-b8e3-f2dca54530c8
ALL	62a45d3a-65bd-4c8b-8d07-12814b86b22c
ALL	e5891749-e30c-416c-be8a-392e6c930fad
ALL	abc98a0c-6936-4d6b-be2a-072a7fb0cf1e
ALL	2fb0065e-d10b-47ed-bc1a-3cbdeea8dd67
ALL	c278c718-395d-4127-9f57-c24257a8b1ce
ALL	35c747c0-38bb-4d2e-a428-8e24106adfab
ALL	5cef9fe8-e9a7-4897-9d49-98d7d9aa189d
ALL	5a67b5d6-3e0c-44bc-bb0e-73d555c6f4cb
ALL	9d6d0808-f67e-4dcf-a3dd-8684e56f2400
ALL	5e5e153d-d364-402d-abb0-5a6154bdc4e8
ALL	d79627cf-4336-42f6-8a3c-5761487b1502
ALL	a8e330dd-3708-4239-b58d-c7f5e7c16fee
ALL	1d970c21-74eb-488e-a63e-bfc3ff520687
ALL	7072fcd9-6859-4c92-8fab-ee06a32ae46a
ALL	ef863d2c-3f6b-404f-a0a2-98b0f2c59d81
ALL	8d017d5d-56d3-4e26-908c-9f5aa0a4de1b
ALL	82f20d61-aff1-4c4c-86bf-2f80f32b684a
ALL	30afa034-67c7-46cc-9724-cfdb2befb5fc
ALL	ac9d1a0a-9946-41d8-94b2-b1f83d0df4fc
ALL	3ca3e5ec-343c-49d9-a807-de44a65a4986
ALL	ab284b04-f7db-4de9-90d3-f181b22aaade
ALL	2b430c9e-74a7-45d7-b85f-34a753a9eb05
ALL	e242adb8-db67-475e-a0e4-52a622666b12
ALL	17f5a3ad-3d64-4be9-8b15-4d98d2818580
ALL	fc7164cd-06d9-40b1-92c3-4555716c5dcd
ALL	ef46fc71-9434-4a56-b4a4-5135eb65baf9
ALL	070576c1-e4c0-48c1-aade-2bdd41a9c08c
ALL	c3072254-b9be-4ad5-982f-cb854ee30708
ALL	6dc3b51d-cc57-401a-8300-3ae5dbb9b590
ALL	bf846c54-4ea2-4630-ace4-86bf0f7b72a5
ALL	c661ae6a-d44b-4bcf-a79a-e41cd3809e8b
ALL	8513cefd-5091-4eb9-9c01-3848b5754197
ALL	9c783cc7-0ad0-4326-9f2a-d6ea4f36b0d0
ALL	69ef31d4-052e-45d2-a9c6-5dee53452f1f
ALL	2d9847dd-5942-40b1-84ca-9e17d623c28f
ALL	cec4c4db-17e2-4ea5-a0d6-2cda2a575cd9
ALL	c896b457-1b0a-4ab5-907a-bcdd76b0df0f
ALL	b3724bf1-1f92-4574-b836-5f4fc538be51
ALL	64f98c64-be76-4475-94d0-63cb33413f08
ALL	7c9d500d-a950-44a3-89b8-7cabb7d12a81
ALL	5a148770-8515-437c-9e96-6b746f816dc4
ALL	32fb205a-6752-46ab-b098-2c3955920f94
ALL	2061667f-5253-4933-aa22-e8f7e092dbbf
ALL	09014cdd-1dcc-4557-9af4-19d01fd59afe
ALL	3f90dd96-9414-4e74-b2c8-c829eb33e1ec
ALL	e22159bf-b539-476a-9956-575db12d29e2
ALL	1465ce1e-f267-4dad-a327-3128456a6201
ALL	bfad42ca-da45-4f5b-adce-f4e94980cc86
ALL	1b5ae942-e712-498e-b8a7-63418b781bfd
ALL	ab643407-22f7-4c89-84b3-b66d525eec6f
ALL	caf6df54-aae9-42a3-8325-d270e84b1812
ALL	73f7f34f-f76e-492b-86e3-8637821b77a4
ALL	8806d27a-fb50-4177-abc0-52996c0dbf5d
ALL	ef5f633b-f9fa-49b1-8f69-bee72f89f403
ALL	ceaf58bb-fcad-4411-84b9-8af7b8bdd7a1
ALL	6d266b18-02c0-45ad-8a4d-56870f078623
ALL	61fb2eb9-97dc-46bf-a7ad-7e3cdb51fd1e
ALL	368fe1ed-b9eb-44da-af40-55e065a4b3d2
ALL	ad7ff747-bc4d-45a7-b389-d3d4705f48be
ALL	4a52c1c1-9b76-4a6f-8d0e-2c78b50364a5
ALL	7c4256cd-2e98-4836-9415-f4b93358a73b
ALL	f4d5e97d-3ae8-4fd2-829c-525868471812
ALL	a95f7af1-6230-4d4b-bc72-65e459ebe225
ALL	06f27ecd-7877-4452-87a7-a4fbdfca570c
ALL	3ebdb6a2-509d-421b-a186-989aba538664
ALL	a9aa0e4c-26cc-4dd0-bcac-5a9f0a17d9dc
ALL	f94bb39f-6f8e-4adf-aabe-1139ddaafbcb
ALL	1e0460ca-aad7-4f0e-bc48-ce9f65c72992
ALL	84649a32-bf09-41a9-aec3-7e348a24de87
ALL	e79b712a-e919-4072-9474-214c5f9eeb23
ALL	0ac8b5cf-cc2c-46a3-b913-721450fe61ca
ALL	bd5038fb-7c16-4c0a-88ed-169f1ac07968
ALL	6fc8cb4b-1dc0-46b8-ae80-7dbd022c9431
ALL	74ece405-364b-4bd2-af33-877e17f7b0d1
ALL	d819ae44-fdac-46b5-bbd6-87256839efb7
ALL	258555d3-71ed-4c81-bfcb-179fb640b340
ALL	9a063c15-b295-4559-be97-9d1f2d7cacf2
ALL	d3ce1c32-282c-4aea-94b9-b53558c5d592
ALL	11038f37-133e-4d34-8db9-6e8d79aebf6a
ALL	def1c9d1-2874-4df2-8d9e-cd87fa2b5ebb
ALL	58254285-ed35-4e32-8eaf-3d7c68930cfa
ALL	023ec3a2-e4e5-4663-81a3-e46a30e940d4
ALL	8bc4aac8-1e5a-41fe-8142-95cd1768d629
ALL	5bb29be8-9f07-43d5-834f-0e75f692c05f
ALL	4304512d-67d0-4c89-a05f-1ee93c5dad51
ALL	8333f4a8-9e49-4e14-badc-f247c6841eba
ALL	5c85a5d7-08c6-4226-ab6f-cc207623ba26
ALL	e22bd9f5-c730-4dc3-95a1-a281d816d43e
ALL	c54b3961-1486-4730-84d9-7dd057e1e934
ALL	682f7e1a-9938-447d-99e8-8570424937b4
ALL	76f09da6-eb87-467d-a12f-14195e471512
ALL	033df3c8-dc57-40d6-aa42-8eb0bba4e99c
ALL	5168a7a2-be89-4e17-bfd3-68f5fc92025c
ALL	9a7dc276-b019-4ad7-9923-71b365896092
ALL	a1f24fc5-19a7-474c-952e-940f92734c02
ALL	a94d3642-623f-4183-b953-6e84642ceab0
ALL	e7837582-c8db-438c-bb81-b7dabe6276cd
ALL	bbd29229-609e-4a89-a708-426c852dd8e4
ALL	98556943-5365-47c7-9d32-63a7877d1010
ALL	96ff727e-361c-4d81-aea7-ef9cd74de078
ALL	28d23919-226e-42c8-818f-f1e80302a506
ALL	561e6926-3fcf-45cf-bf86-f8832d935203
ALL	40731335-9c8c-4a14-9b83-a97bc06c0c0e
ALL	097c2f19-c928-4e10-980e-9d182a99b787
ALL	2b4f5207-5b37-43d6-ba32-ca69db7baa42
ALL	1cc1276d-0275-4b9a-8723-695cade1b8e7
ALL	7eab715a-9eb5-4ab3-99a0-4ae694a01e1b
ALL	5d533b4d-876f-4c1c-9eee-1d8458917022
ALL	a44eb1d6-3b5c-42e8-b17a-d71ffc0503d5
ALL	85fd90f2-72fb-4e21-8bc0-9dbf18d16d18
ALL	4b7925e4-737e-4634-b2f3-f1a95eafeffb
ALL	0016796e-dc48-47ff-b523-7485d10a13fa
ALL	20ab747a-7a84-4b15-b695-530d33425e8e
ALL	b6dff306-63fa-4f39-bd47-620d1c924522
ALL	f9a00a88-e24e-4628-aa56-f2a7f7e2656e
ALL	179ed34c-99cb-4149-90e2-04c7916fc2cc
ALL	ced9a4fc-c429-47c6-a792-d01471de9269
ALL	39dadadf-ec09-4a0c-904f-54c5496894e5
ALL	974c6544-6bde-4699-a4cb-90316b582e1e
ALL	ce54f5b4-2a37-49b9-b674-3bfe20dbfc40
ALL	14985dae-c7a1-4b11-9541-c647bab1f149
ALL	4ff85f09-79ef-4398-9157-04ba9acb6f47
ALL	fc7077a7-04f0-4796-9557-c597e271e4f1
ALL	b0ec0de0-7b17-4a9f-afbd-05f6644e504d
ALL	4518ac76-4de5-4dfe-91a8-df09b4a0be2a
ALL	05c85768-c065-4c14-a690-cdacf4e26987
ALL	840633a2-9565-4096-aa67-584952fbd6ab
ALL	f3148210-ecae-4314-b5f8-9bee2315a093
ALL	9ebc412b-6e78-4bc6-9e18-e6c75a92756a
ALL	27cb4ef2-2a8a-4eb8-8fde-0ab444ad8aaf
ALL	4950f04e-431e-4171-8d90-322d053f84f9
ALL	5c1a2fa2-c830-4687-a61a-65a48cd6b350
ALL	9aaa185b-41a7-49fb-82f7-254854b8b775
ALL	e32fd93f-2e2e-41d6-a5da-298753c78835
ALL	bb8ce5c0-9af4-47e9-baca-80b7ce6b3ad3
ALL	48703c46-7ad7-4000-a80b-4df7ecf0483a
ALL	372c62ad-125a-4f74-9c5f-f048fe2306bb
ALL	38c35805-cf4c-4d80-af30-4790ef57bad8
ALL	0e66ecd7-2949-4968-a374-7d2ff8f78752
ALL	83fcd3a2-d874-4b95-8124-0e7580b5f774
ALL	21180a5e-963c-42bc-9b76-6372ee4a4bd9
ALL	94aaf874-be6f-48fd-8ec7-40a8078ca890
ALL	2ba2c226-3b3b-4354-a206-b76614c4c28b
ALL	378583c9-ea75-481a-a545-e449f94d7873
ALL	a4f3ff0f-4d29-4ff6-9bb2-c8bc78a36d9b
ALL	89d874e8-c997-474f-9a0f-9b232582bd31
ALL	83469e37-f9df-421e-929d-4466f1b75443
ALL	c642457d-0796-482c-93a4-6a84f330baf9
ALL	7f7d0408-af2b-4936-a675-a17869fa54ce
ALL	0f805747-c732-4025-b2a2-5e9803cb0cd6
ALL	a1d3ff0c-e16c-43d3-8282-049c7389a908
ALL	c7c131a8-e8ea-41a4-a01d-782060d4c28f
ALL	474b8ed3-f565-44d7-9469-7df3d8633b6f
ALL	76aabfdf-b5d2-4a8c-a7b2-5575cb8e0961
ALL	e58c8e96-ac76-40cf-9c82-a9ab9e590e46
ALL	fd6a66e3-ee6a-4bd6-9c88-c24ba0deb2a8
ALL	32407830-bd77-472e-a86b-b82d6df5c97b
ALL	6d8e7ad1-e615-45d2-9ef9-59f85fdf1a96
ALL	46912a9b-8037-416a-9e6f-b0c86a9b7247
ALL	17140cd2-f357-4bb1-8227-404752dd3c05
ALL	71e49d5a-9f6c-4ba9-8dc6-dd914394579c
ALL	03d973c5-e0ce-42ea-afd7-9be4f93a3bd1
ALL	bfa9ac27-7992-4601-9abb-081909313074
ALL	b05a7f4b-bc56-4da6-b810-79e7c3a5395e
ALL	8a3a5fea-d96a-4bbb-9481-daf724548291
ALL	36533d40-c021-495a-b946-90bc4a2ef363
ALL	651fd3af-c86a-4224-baee-f6ec2b0e2759
ALL	7cdba19f-5142-457e-8cfa-e3d0d632c697
ALL	de0a6abe-958d-4241-8292-d1b9b6b2b0a7
ALL	b7b67338-01cc-4ec7-86ce-6378a52ba1f4
ALL	2a934f0e-e71d-47ac-968c-fce0046f4f8e
ALL	39712939-f2e8-4d8d-8b28-70bb430d56a7
ALL	acea4d41-397f-4b63-b47a-b6c228478d45
ALL	31952496-8677-4d7c-99b8-9ba11a127449
ALL	74ad6295-92e5-48f3-ba75-1ca0e777d87e
ALL	80540f89-d51f-4d66-89d4-0f33eb6d641e
ALL	457249b5-089d-4cd9-87ab-c39b286cb783
ALL	c6516f4d-7578-4b77-ac90-3f182b20f2b8
ALL	f58c7871-b7f8-422e-9919-175890f9e472
ALL	4517c26e-6383-4c4c-a0ee-4de5bcc76902
ALL	db39122c-5260-4bf8-b06b-62088a07e690
ALL	af739515-20b2-4b05-a7b0-e81aaec458e9
ALL	f0d45c3a-ce46-4f6b-81e5-e2a0d64d5018
ALL	55456a36-6827-4419-b1b7-741d732da4c1
ALL	d5bd3d83-b3fd-43ab-a02e-7bf510a69e15
ALL	be62b3f3-7c9d-4c43-84c8-4f7593929d0f
ALL	bc61c3f2-bcc5-4df9-888f-a80a3ff1ae40
ALL	fdce349f-9b29-4828-b659-5d43360dd20e
ALL	b0c9dca4-cc39-444d-abd9-0cced6eeacab
ALL	cfc44c89-5199-4577-9bc2-6f368a4e1ab2
ALL	0fdc09db-3ad6-4e71-aab4-72f4786f8406
ALL	70f7483e-b2a6-4148-bfb6-d2f9ff2f8c2f
ALL	443bc042-ab34-44a6-9c93-090e19212361
ALL	1e3b6c37-67c3-4618-ae44-80cc69696db1
ALL	32522e89-58da-4e47-bec2-15695464bf16
ALL	91ca4a58-b8aa-4988-a992-fc3cf6dae2e1
ALL	a4d4d1f6-b709-49cb-b513-dc7215c3554b
ALL	b1116541-bece-4df3-b3dd-cec50aeb277b
ALL	2e733681-9916-43e3-bc65-5b281ec3d419
ALL	8fd55cdc-af34-4d30-b18d-ef72097e4381
ALL	1120c901-e15b-4b8c-bada-b97d68cb9d59
ALL	ffcb4a37-4c6e-4053-92b6-ff03f77baecf
ALL	354eacdb-c9b3-49d1-b0f6-c248ca599861
ALL	1f37f1fb-2767-46a7-a9a8-0f32640c09b7
ALL	b99facb8-4609-4d8c-9e40-9109d0dda880
ALL	9bda8409-9949-41d8-b5f9-d032bb8d5609
ALL	de57ab99-8cf7-4f2a-b3c1-58054d90a701
ALL	dd662d3e-e235-441c-af96-beb426beeda6
ALL	ba98cc27-d40c-4bd4-af0c-a8838662ba49
ALL	fc93a99b-90fd-44e4-a7bf-209645a6f639
ALL	c14ebab9-034a-40ac-a44a-d40615c9c712
ALL	ba974877-95f4-4c59-9c51-8ec7c304792e
ALL	e0e9f0c8-91bf-4a7b-b430-551ddbce0d49
